id,test,model,date,timestamp,agent,component,time
43,1,gpt-5.1,27/02/2026,3.3177058696746826,Recognition,6086771,2.87823
43,1,gpt-5.1,27/02/2026,6.19603157043457,Prediction,6086771,2.54035
43,1,gpt-5.1,27/02/2026,8.771007537841797,Robot,6086771,8.45543
43,1,gpt-5.1,27/02/2026,17.226438283920288,Human,6086771,2.997
43,1,gpt-5.1,27/02/2026,23.523931741714478,Recognition,6330459,2.78686
43,1,gpt-5.1,27/02/2026,26.310920238494873,Prediction,6330459,1.76973
43,1,gpt-5.1,27/02/2026,28.11353373527527,Robot,6330459,7.27252
43,1,gpt-5.1,27/02/2026,35.38605856895447,Human,6330459,6.30583
43,1,gpt-5.1,27/02/2026,44.97172474861145,Recognition,4610745,3.48924
43,1,gpt-5.1,27/02/2026,48.46118378639221,Prediction,4610745,4.37901
43,1,gpt-5.1,27/02/2026,52.87510943412781,Robot,4610745,7.95966
43,1,gpt-5.1,27/02/2026,60.83477425575256,Human,4610745,2.70533
43,1,gpt-5.1,27/02/2026,81.40517354011536,Recognition,6335178,2.36611
43,1,gpt-5.1,27/02/2026,83.77152347564697,Prediction,6335178,2.70699
43,1,gpt-5.1,27/02/2026,86.52747821807861,Robot,6335178,8.003
43,1,gpt-5.1,27/02/2026,94.53048133850098,Human,6335178,3.22511
43,1,gpt-5.1,27/02/2026,101.04390907287598,Recognition,6335170,2.54671
43,1,gpt-5.1,27/02/2026,103.59081220626831,Prediction,6335170,2.69549
43,1,gpt-5.1,27/02/2026,106.32956528663635,Robot,6335170,11.77708
43,1,gpt-5.1,27/02/2026,118.10664415359497,Human,6335170,5.86423
43,1,gpt-5.1,27/02/2026,127.26696276664734,Recognition,4648231,2.61707
43,1,gpt-5.1,27/02/2026,129.88433575630188,Prediction,4648231,2.3718
43,1,gpt-5.1,27/02/2026,132.31304287910461,Robot,4648231,7.99271
43,1,gpt-5.1,27/02/2026,140.305757522583,Human,4648231,6.39118
43,1,gpt-5.1,27/02/2026,149.93422150611877,Recognition,4648238,2.5409
43,1,gpt-5.1,27/02/2026,152.47522020339966,Prediction,4648238,2.28671
43,1,gpt-5.1,27/02/2026,154.84962964057922,Robot,4648238,8.02396
43,1,gpt-5.1,27/02/2026,162.87359404563904,Human,4648238,2.95574
43,1,gpt-5.1,27/02/2026,169.0987675189972,Recognition,6192849,2.65512
43,1,gpt-5.1,27/02/2026,171.75397491455078,Prediction,6192849,3.59112
43,1,gpt-5.1,27/02/2026,175.386314868927,Robot,6192849,9.27095
43,1,gpt-5.1,27/02/2026,184.65726494789124,Human,6192849,7.84213
43,1,gpt-5.1,27/02/2026,204.64927434921265,Recognition,6086771,2.17097
43,1,gpt-5.1,27/02/2026,206.8204698562622,Prediction,6086771,2.43546
43,1,gpt-5.1,27/02/2026,209.33858108520508,Robot,6086771,7.84738
43,1,gpt-5.1,27/02/2026,217.18596243858337,Human,6086771,2.5029
43,1,gpt-5.1,27/02/2026,222.96319937705994,Recognition,6056475,2.28101
43,1,gpt-5.1,27/02/2026,225.24440169334412,Prediction,6056475,2.43249
43,1,gpt-5.1,27/02/2026,227.71124744415283,Robot,6056475,7.6501
43,1,gpt-5.1,27/02/2026,235.36135387420654,Human,6056475,3.08914
43,1,gpt-5.1,27/02/2026,241.7120373249054,Recognition,6286272,2.30698
43,1,gpt-5.1,27/02/2026,244.01921248435974,Prediction,6286272,2.46942
43,1,gpt-5.1,27/02/2026,246.51445198059082,Robot,6286272,7.40713
43,1,gpt-5.1,27/02/2026,253.92158484458923,Human,6286272,4.68926
43,1,gpt-5.1,27/02/2026,261.8484437465668,Recognition,6056492,3.10788
43,1,gpt-5.1,27/02/2026,264.95652866363525,Prediction,6056492,2.971
43,1,gpt-5.1,27/02/2026,267.95186853408813,Robot,6056492,7.46611
43,1,gpt-5.1,27/02/2026,275.41798663139343,Human,6056492,2.57646
43,1,gpt-5.1,27/02/2026,281.24780082702637,Recognition,6330455,2.94202
43,1,gpt-5.1,27/02/2026,284.1900579929352,Prediction,6330455,3.46401
43,1,gpt-5.1,27/02/2026,287.6910398006439,Robot,6330455,7.87823
43,1,gpt-5.1,27/02/2026,295.5692718029022,Human,6330455,6.27183
43,1,gpt-5.1,27/02/2026,305.09051609039307,Recognition,6330456,3.16337
43,1,gpt-5.1,27/02/2026,308.2540748119354,Prediction,6330456,2.98355
43,1,gpt-5.1,27/02/2026,311.27089977264404,Robot,6330456,7.32218
43,1,gpt-5.1,27/02/2026,318.59308338165283,Human,6330456,3.24508
43,1,gpt-5.1,27/02/2026,325.10121035575867,Recognition,6226661,2.58389
43,1,gpt-5.1,27/02/2026,327.6853013038635,Prediction,6226661,2.48343
43,1,gpt-5.1,27/02/2026,330.22341299057007,Robot,6226661,7.82661
43,1,gpt-5.1,27/02/2026,338.0500283241272,Human,6226661,3.56083
40,2,gpt-5.1,27/02/2026,3.296269655227661,Recognition,6086771,2.46663
40,2,gpt-5.1,27/02/2026,5.76305890083313,Prediction,6086771,2.21054
40,2,gpt-5.1,27/02/2026,7.987069368362427,Robot,6086771,8.33784
40,2,gpt-5.1,27/02/2026,16.32490849494934,Human,6086771,4.37662
40,2,gpt-5.1,27/02/2026,23.972861528396606,Recognition,6330459,3.56032
40,2,gpt-5.1,27/02/2026,27.533457279205322,Prediction,6330459,2.60759
40,2,gpt-5.1,27/02/2026,30.164646863937378,Robot,6330459,7.41542
40,2,gpt-5.1,27/02/2026,37.58007264137268,Human,6330459,4.73626
40,2,gpt-5.1,27/02/2026,45.58855438232422,Recognition,4610745,3.2429
40,2,gpt-5.1,27/02/2026,48.83177423477173,Prediction,4610745,2.58921
40,2,gpt-5.1,27/02/2026,51.45179200172424,Robot,4610745,7.95225
40,2,gpt-5.1,27/02/2026,59.40404176712036,Human,4610745,3.65643
40,2,gpt-5.1,27/02/2026,80.1782557964325,Recognition,6335178,2.91599
40,2,gpt-5.1,27/02/2026,83.09444069862366,Prediction,6335178,2.55947
40,2,gpt-5.1,27/02/2026,85.69464778900146,Robot,6335178,7.99642
40,2,gpt-5.1,27/02/2026,93.69107222557068,Human,6335178,4.63298
40,2,gpt-5.1,27/02/2026,101.60645484924316,Recognition,6335170,2.37388
40,2,gpt-5.1,27/02/2026,103.98055219650269,Prediction,6335170,3.40572
40,2,gpt-5.1,27/02/2026,107.43459010124207,Robot,6335170,8.45614
40,2,gpt-5.1,27/02/2026,115.8907356262207,Human,6335170,4.38167
40,2,gpt-5.1,27/02/2026,123.54944133758545,Recognition,4648231,2.39302
40,2,gpt-5.1,27/02/2026,125.94268560409546,Prediction,4648231,3.28001
40,2,gpt-5.1,27/02/2026,129.28697156906128,Robot,4648231,7.99546
40,2,gpt-5.1,27/02/2026,137.28242945671082,Human,4648231,4.44927
40,2,gpt-5.1,27/02/2026,145.03223490715027,Recognition,4648238,2.58584
40,2,gpt-5.1,27/02/2026,147.61847472190857,Prediction,4648238,2.60832
40,2,gpt-5.1,27/02/2026,150.26197218894958,Robot,4648238,7.9491
40,2,gpt-5.1,27/02/2026,158.21107602119446,Human,4648238,5.24009
40,2,gpt-5.1,27/02/2026,166.7404670715332,Recognition,6192849,2.55397
40,2,gpt-5.1,27/02/2026,169.29465508460999,Prediction,6192849,2.49806
40,2,gpt-5.1,27/02/2026,171.8590190410614,Robot,6192849,9.03176
40,2,gpt-5.1,27/02/2026,180.89077734947205,Human,6192849,5.02425
40,2,gpt-5.1,27/02/2026,189.19537615776062,Recognition,,3.44062
40,2,gpt-5.1,27/02/2026,195.9321005344391,Recognition,,2.45149
40,2,gpt-5.1,27/02/2026,210.94284796714783,Recognition,6086771,2.64298
40,2,gpt-5.1,27/02/2026,213.58604645729065,Prediction,6086771,2.41655
40,2,gpt-5.1,27/02/2026,216.05148792266846,Robot,6086771,8.09423
40,2,gpt-5.1,27/02/2026,224.14571690559387,Human,6086771,4.37695
40,2,gpt-5.1,27/02/2026,231.8249921798706,Recognition,6056475,2.27915
40,2,gpt-5.1,27/02/2026,234.10434436798096,Prediction,6056475,2.76047
40,2,gpt-5.1,27/02/2026,236.9020552635193,Robot,6056475,7.27507
40,2,gpt-5.1,27/02/2026,244.17713022232056,Human,6056475,8.88139
40,2,gpt-5.1,27/02/2026,256.3381025791168,Recognition,6286272,2.7015
40,2,gpt-5.1,27/02/2026,259.0399098396301,Prediction,6286272,2.4229
40,2,gpt-5.1,27/02/2026,261.4935688972473,Robot,6286272,7.35593
40,2,gpt-5.1,27/02/2026,268.8495018482208,Human,6286272,4.49687
40,2,gpt-5.1,27/02/2026,276.6238970756531,Recognition,6056492,2.01419
40,2,gpt-5.1,27/02/2026,278.6382739543915,Prediction,6056492,2.91974
40,2,gpt-5.1,27/02/2026,281.5935344696045,Robot,6056492,7.55922
40,2,gpt-5.1,27/02/2026,289.15275144577026,Human,6056492,4.0093
40,2,gpt-5.1,27/02/2026,296.43327832221985,Recognition,6330455,2.425
40,2,gpt-5.1,27/02/2026,298.8585925102234,Prediction,6330455,4.69077
40,2,gpt-5.1,27/02/2026,303.5677983760834,Robot,6330455,8.02518
40,2,gpt-5.1,27/02/2026,311.5929808616638,Human,6330455,4.48107
40,2,gpt-5.1,27/02/2026,319.35748529434204,Recognition,6330456,2.67931
40,2,gpt-5.1,27/02/2026,322.0372133255005,Prediction,6330456,2.45704
40,2,gpt-5.1,27/02/2026,324.53119468688965,Robot,6330456,7.18914
40,2,gpt-5.1,27/02/2026,331.7203333377838,Human,6330456,7.34588
40,2,gpt-5.1,27/02/2026,342.3672387599945,Recognition,6226661,2.53345
40,2,gpt-5.1,27/02/2026,344.9008901119232,Prediction,6226661,2.03581
40,2,gpt-5.1,27/02/2026,346.9778583049774,Robot,6226661,7.8068
40,2,gpt-5.1,27/02/2026,354.78466629981995,Human,6226661,3.68965
38,3,gpt-5.1,27/02/2026,3.3138465881347656,Recognition,6086771,5.08748
38,3,gpt-5.1,27/02/2026,8.401448249816895,Prediction,6086771,2.63654
38,3,gpt-5.1,27/02/2026,11.073801517486572,Robot,6086771,8.27547
38,3,gpt-5.1,27/02/2026,19.349271059036255,Human,6086771,3.67395
38,3,gpt-5.1,27/02/2026,26.26845932006836,Recognition,6330459,4.97
38,3,gpt-5.1,27/02/2026,31.238702058792114,Prediction,6330459,2.55855
38,3,gpt-5.1,27/02/2026,33.835922956466675,Robot,6330459,7.25764
38,3,gpt-5.1,27/02/2026,41.09356188774109,Human,6330459,5.49639
38,3,gpt-5.1,27/02/2026,49.86353158950806,Recognition,4610745,3.17196
38,3,gpt-5.1,27/02/2026,53.03570055961609,Prediction,4610745,2.13323
38,3,gpt-5.1,27/02/2026,55.207619190216064,Robot,4610745,7.97292
38,3,gpt-5.1,27/02/2026,63.18054151535034,Human,4610745,2.52069
38,3,gpt-5.1,27/02/2026,68.96930980682373,Recognition,,2.23952
38,3,gpt-5.1,27/02/2026,83.84559392929077,Recognition,6335178,3.01297
38,3,gpt-5.1,27/02/2026,86.85874772071838,Prediction,6335178,3.11231
38,3,gpt-5.1,27/02/2026,90.0114004611969,Robot,6335178,8.04905
38,3,gpt-5.1,27/02/2026,98.06044960021973,Human,6335178,3.56958
38,3,gpt-5.1,27/02/2026,104.88781142234802,Recognition,6335170,2.47
38,3,gpt-5.1,27/02/2026,107.3628306388855,Prediction,6335170,2.4938
38,3,gpt-5.1,27/02/2026,109.91701889038086,Robot,6335170,8.51923
38,3,gpt-5.1,27/02/2026,118.43625140190125,Human,6335170,3.05789
38,3,gpt-5.1,27/02/2026,124.73033833503723,Recognition,4648231,2.44936
38,3,gpt-5.1,27/02/2026,127.17990398406982,Prediction,4648231,2.26154
38,3,gpt-5.1,27/02/2026,129.4928138256073,Robot,4648231,7.99935
38,3,gpt-5.1,27/02/2026,137.49217247962952,Human,4648231,3.47365
38,3,gpt-5.1,27/02/2026,144.21070003509521,Recognition,4648238,9.05569
38,3,gpt-5.1,27/02/2026,153.26657795906067,Prediction,4648238,2.61618
38,3,gpt-5.1,27/02/2026,155.94666409492493,Robot,4648238,8.00995
38,3,gpt-5.1,27/02/2026,163.95661306381226,Human,4648238,3.27846
38,3,gpt-5.1,27/02/2026,170.50328636169434,Recognition,6192849,3.36095
38,3,gpt-5.1,27/02/2026,173.864431142807,Prediction,6192849,2.87085
38,3,gpt-5.1,27/02/2026,176.7684087753296,Robot,6192849,8.35635
38,3,gpt-5.1,27/02/2026,185.1247639656067,Human,6192849,3.39373
38,3,gpt-5.1,27/02/2026,200.92476296424866,Recognition,6086771,1.98556
38,3,gpt-5.1,27/02/2026,202.91049885749817,Prediction,6086771,2.61501
38,3,gpt-5.1,27/02/2026,205.58019948005676,Robot,6086771,8.87244
38,3,gpt-5.1,27/02/2026,214.45264625549316,Human,6086771,2.13733
38,3,gpt-5.1,27/02/2026,219.85168623924255,Recognition,6056475,3.62442
38,3,gpt-5.1,27/02/2026,223.47641444206238,Prediction,6056475,2.36722
38,3,gpt-5.1,27/02/2026,225.87279772758484,Robot,6056475,7.47547
38,3,gpt-5.1,27/02/2026,233.34826803207397,Human,6056475,2.19353
38,3,gpt-5.1,27/02/2026,238.78720545768738,Recognition,6286272,2.91518
38,3,gpt-5.1,27/02/2026,241.70246505737305,Prediction,6286272,2.48301
38,3,gpt-5.1,27/02/2026,244.2173249721527,Robot,6286272,7.73889
38,3,gpt-5.1,27/02/2026,251.95622158050537,Human,6286272,2.34546
38,3,gpt-5.1,27/02/2026,257.56120443344116,Recognition,6056492,2.19032
38,3,gpt-5.1,27/02/2026,259.7517158985138,Prediction,6056492,2.40743
38,3,gpt-5.1,27/02/2026,262.21681547164917,Robot,6056492,7.58778
38,3,gpt-5.1,27/02/2026,269.80459547042847,Human,6056492,1.9853
38,3,gpt-5.1,27/02/2026,275.04827976226807,Recognition,6330455,2.8734
38,3,gpt-5.1,27/02/2026,277.9218873977661,Prediction,6330455,2.23856
38,3,gpt-5.1,27/02/2026,280.20057129859924,Robot,6330455,7.89134
38,3,gpt-5.1,27/02/2026,288.0919117927551,Human,6330455,2.51395
38,3,gpt-5.1,27/02/2026,293.86432123184204,Recognition,6330456,2.33634
38,3,gpt-5.1,27/02/2026,296.2009129524231,Prediction,6330456,2.24481
38,3,gpt-5.1,27/02/2026,298.47259736061096,Robot,6330456,7.20299
38,3,gpt-5.1,27/02/2026,305.6755864620209,Human,6330456,3.04146
38,3,gpt-5.1,27/02/2026,311.9770736694336,Recognition,6226661,2.91377
38,3,gpt-5.1,27/02/2026,314.8910460472107,Prediction,6226661,2.18924
38,3,gpt-5.1,27/02/2026,317.11915254592896,Robot,6226661,7.82901
38,3,gpt-5.1,27/02/2026,324.9481682777405,Human,6226661,3.52951
38,3,gpt-5.1,27/02/2026,337.7819516658783,Human,,6.72752
68,1,gpt-5.1,27/02/2026,3.302696466445923,Recognition,6086771,2.68876
68,1,gpt-5.1,27/02/2026,5.991607427597046,Prediction,6086771,2.08774
68,1,gpt-5.1,27/02/2026,8.10912036895752,Robot,6086771,8.32726
68,1,gpt-5.1,27/02/2026,16.43638515472412,Human,6086771,1.37172
68,1,gpt-5.1,27/02/2026,21.083459615707397,Recognition,6330459,2.70319
68,1,gpt-5.1,27/02/2026,23.78685688972473,Prediction,6330459,2.15484
68,1,gpt-5.1,27/02/2026,25.968798398971558,Robot,6330459,7.27646
68,1,gpt-5.1,27/02/2026,33.24525809288025,Human,6330459,1.85034
68,1,gpt-5.1,27/02/2026,38.358174324035645,Recognition,4610745,2.86028
68,1,gpt-5.1,27/02/2026,41.218666315078735,Prediction,4610745,2.13412
68,1,gpt-5.1,27/02/2026,43.39148426055908,Robot,4610745,7.95758
68,1,gpt-5.1,27/02/2026,51.349069356918335,Human,4610745,2.2034
68,1,gpt-5.1,27/02/2026,65.2798364162445,Recognition,6335178,3.47263
68,1,gpt-5.1,27/02/2026,68.75265550613403,Prediction,6335178,2.60513
68,1,gpt-5.1,27/02/2026,71.4138913154602,Robot,6335178,8.01518
68,1,gpt-5.1,27/02/2026,79.42907571792603,Human,6335178,1.45906
68,1,gpt-5.1,27/02/2026,84.15036177635193,Recognition,6335170,2.82348
68,1,gpt-5.1,27/02/2026,86.97404193878174,Prediction,6335170,2.69539
68,1,gpt-5.1,27/02/2026,89.71236824989319,Robot,6335170,8.49998
68,1,gpt-5.1,27/02/2026,98.21235632896423,Human,6335170,1.21144
68,1,gpt-5.1,27/02/2026,102.69994878768921,Recognition,4648231,2.80073
68,1,gpt-5.1,27/02/2026,105.50087118148804,Prediction,4648231,2.20207
68,1,gpt-5.1,27/02/2026,107.74929642677307,Robot,4648231,7.97496
68,1,gpt-5.1,27/02/2026,115.7242591381073,Human,4648231,2.2921
68,1,gpt-5.1,27/02/2026,121.28380846977234,Recognition,4648238,3.83065
68,1,gpt-5.1,27/02/2026,125.11472725868225,Prediction,4648238,2.48814
68,1,gpt-5.1,27/02/2026,127.66530799865723,Robot,4648238,8.04373
68,1,gpt-5.1,27/02/2026,135.7090380191803,Human,4648238,2.80265
68,1,gpt-5.1,27/02/2026,141.80853533744812,Recognition,6192849,2.9065
68,1,gpt-5.1,27/02/2026,144.7152397632599,Prediction,6192849,2.66924
68,1,gpt-5.1,27/02/2026,147.42794108390808,Robot,6192849,9.02481
68,1,gpt-5.1,27/02/2026,156.45275855064392,Human,6192849,2.43532
68,1,gpt-5.1,27/02/2026,170.39016389846802,Recognition,6086771,2.42
68,1,gpt-5.1,27/02/2026,172.8103744983673,Prediction,6086771,3.3836
68,1,gpt-5.1,27/02/2026,176.24310183525085,Robot,6086771,7.85757
68,1,gpt-5.1,27/02/2026,184.10067653656006,Human,6086771,1.18762
68,1,gpt-5.1,27/02/2026,188.56940937042236,Recognition,6056475,2.66344
68,1,gpt-5.1,27/02/2026,191.23305082321167,Prediction,6056475,2.07281
68,1,gpt-5.1,27/02/2026,193.34464287757874,Robot,6056475,7.26747
68,1,gpt-5.1,27/02/2026,200.61211133003235,Human,6056475,0.75568
68,1,gpt-5.1,27/02/2026,204.63821363449097,Recognition,6286272,2.57548
68,1,gpt-5.1,27/02/2026,207.21389198303223,Prediction,6286272,2.45113
68,1,gpt-5.1,27/02/2026,209.6911699771881,Robot,6286272,7.5213
68,1,gpt-5.1,27/02/2026,217.21247220039368,Human,6286272,2.1797
68,1,gpt-5.1,27/02/2026,222.65107226371765,Recognition,6056492,2.82613
68,1,gpt-5.1,27/02/2026,225.47738814353943,Prediction,6056492,2.8964
68,1,gpt-5.1,27/02/2026,228.41313338279724,Robot,6056492,7.56673
68,1,gpt-5.1,27/02/2026,235.97987008094788,Human,6056492,3.19562
68,1,gpt-5.1,27/02/2026,242.44211435317993,Recognition,6330455,3.05279
68,1,gpt-5.1,27/02/2026,245.49512386322021,Prediction,6330455,3.14415
68,1,gpt-5.1,27/02/2026,248.66743278503418,Robot,6330455,7.96908
68,1,gpt-5.1,27/02/2026,256.6365132331848,Human,6330455,8.54341
68,1,gpt-5.1,27/02/2026,268.4945070743561,Recognition,6330456,3.61804
68,1,gpt-5.1,27/02/2026,272.1127350330353,Prediction,6330456,2.49799
68,1,gpt-5.1,27/02/2026,274.63377237319946,Robot,6330456,7.17845
68,1,gpt-5.1,27/02/2026,281.81222343444824,Human,6330456,4.1398
68,1,gpt-5.1,27/02/2026,289.2440233230591,Recognition,6226661,2.27777
68,1,gpt-5.1,27/02/2026,291.52200984954834,Prediction,6226661,2.20757
68,1,gpt-5.1,27/02/2026,293.75940203666687,Robot,6226661,7.80488
68,1,gpt-5.1,27/02/2026,301.56428146362305,Human,6226661,2.6352
70,2,gpt-5.1,02/03/2026,3.2832698822021484,Recognition,6086771,2.16806
70,2,gpt-5.1,02/03/2026,5.4514429569244385,Prediction,6086771,2.40219
70,2,gpt-5.1,02/03/2026,7.890565395355225,Robot,6086771,8.3368
70,2,gpt-5.1,02/03/2026,16.227370977401733,Human,6086771,8.24821
70,2,gpt-5.1,02/03/2026,27.724905490875244,Recognition,6330459,2.57891
70,2,gpt-5.1,02/03/2026,30.304173231124878,Prediction,6330459,2.04557
70,2,gpt-5.1,02/03/2026,32.374613761901855,Robot,6330459,7.31608
70,2,gpt-5.1,02/03/2026,39.6907012462616,Human,6330459,10.29698
70,2,gpt-5.1,02/03/2026,53.24007964134216,Recognition,4610745,2.47515
70,2,gpt-5.1,02/03/2026,55.71554660797119,Prediction,4610745,2.10857
70,2,gpt-5.1,02/03/2026,57.858524799346924,Robot,4610745,7.96895
70,2,gpt-5.1,02/03/2026,65.82749009132385,Human,4610745,8.30338
70,2,gpt-5.1,02/03/2026,95.41922950744629,Recognition,6335178,2.17507
70,2,gpt-5.1,02/03/2026,97.59461331367493,Prediction,6335178,2.40415
70,2,gpt-5.1,02/03/2026,100.05421161651611,Robot,6335178,8.14099
70,2,gpt-5.1,02/03/2026,108.19520282745361,Human,6335178,4.88818
70,2,gpt-5.1,02/03/2026,116.32133960723877,Recognition,6335170,1.92602
70,2,gpt-5.1,02/03/2026,118.24744153022766,Prediction,6335170,2.59886
70,2,gpt-5.1,02/03/2026,120.9017174243927,Robot,6335170,8.4536
70,2,gpt-5.1,02/03/2026,129.35532426834106,Human,6335170,11.31979
70,2,gpt-5.1,02/03/2026,143.9506561756134,Recognition,4648231,1.90975
70,2,gpt-5.1,02/03/2026,145.86071372032166,Prediction,4648231,2.20266
70,2,gpt-5.1,02/03/2026,148.12460899353027,Robot,4648231,7.9662
70,2,gpt-5.1,02/03/2026,156.09081530570984,Human,4648231,6.55234
70,2,gpt-5.1,02/03/2026,165.90134286880493,Recognition,4648238,2.03456
70,2,gpt-5.1,02/03/2026,167.93614149093628,Prediction,4648238,2.16856
70,2,gpt-5.1,02/03/2026,170.16232705116272,Robot,4648238,7.66469
70,2,gpt-5.1,02/03/2026,177.82701683044434,Human,4648238,6.54377
70,2,gpt-5.1,02/03/2026,187.64716696739197,Recognition,6192849,1.73141
70,2,gpt-5.1,02/03/2026,189.37877416610718,Prediction,6192849,2.98719
70,2,gpt-5.1,02/03/2026,192.42595863342285,Robot,6192849,9.01742
70,2,gpt-5.1,02/03/2026,201.4433810710907,Human,6192849,8.98403
70,2,gpt-5.1,02/03/2026,227.04169392585754,Recognition,6086771,2.71232
70,2,gpt-5.1,02/03/2026,229.7540991306305,Prediction,6086771,2.1755
70,2,gpt-5.1,02/03/2026,231.95441365242004,Robot,6086771,7.87222
70,2,gpt-5.1,02/03/2026,239.8266408443451,Human,6086771,5.49732
70,2,gpt-5.1,02/03/2026,248.58692145347595,Recognition,6056475,3.95087
70,2,gpt-5.1,02/03/2026,252.53815245628357,Prediction,6056475,2.13915
70,2,gpt-5.1,02/03/2026,254.71805262565613,Robot,6056475,7.28475
70,2,gpt-5.1,02/03/2026,262.0028018951416,Human,6056475,11.99247
70,2,gpt-5.1,02/03/2026,277.2361943721771,Recognition,6286272,2.08709
70,2,gpt-5.1,02/03/2026,279.32356786727905,Prediction,6286272,2.72389
70,2,gpt-5.1,02/03/2026,282.0926465988159,Robot,6286272,7.60591
70,2,gpt-5.1,02/03/2026,289.69855856895447,Human,6286272,6.19321
70,2,gpt-5.1,02/03/2026,299.1641528606415,Recognition,6056492,2.25653
70,2,gpt-5.1,02/03/2026,301.4209978580475,Prediction,6056492,2.57139
70,2,gpt-5.1,02/03/2026,304.0318238735199,Robot,6056492,7.55508
70,2,gpt-5.1,02/03/2026,311.5869047641754,Human,6056492,3.889
70,2,gpt-5.1,02/03/2026,318.7323987483978,Recognition,6330455,2.04286
70,2,gpt-5.1,02/03/2026,320.77541399002075,Prediction,6330455,2.33967
70,2,gpt-5.1,02/03/2026,323.1437780857086,Robot,6330455,7.8673
70,2,gpt-5.1,02/03/2026,331.011075258255,Human,6330455,3.27206
70,2,gpt-5.1,02/03/2026,337.5570569038391,Recognition,6330456,2.27129
70,2,gpt-5.1,02/03/2026,339.82854747772217,Prediction,6330456,3.79547
70,2,gpt-5.1,02/03/2026,343.6585602760315,Robot,6330456,7.20036
70,2,gpt-5.1,02/03/2026,350.8589186668396,Human,6330456,2.91235
70,2,gpt-5.1,02/03/2026,357.03887367248535,Recognition,6226661,3.64258
70,2,gpt-5.1,02/03/2026,360.6816747188568,Prediction,6226661,2.77851
70,2,gpt-5.1,02/03/2026,363.50175189971924,Robot,6226661,7.79742
70,2,gpt-5.1,02/03/2026,371.29917669296265,Human,6226661,4.76876
72,1,gpt-5.1,02/03/2026,3.2962605953216553,Recognition,6086771,2.49812
72,1,gpt-5.1,02/03/2026,5.794477462768555,Prediction,6086771,1.76456
72,1,gpt-5.1,02/03/2026,7.574321269989014,Robot,6086771,8.33406
72,1,gpt-5.1,02/03/2026,15.9083833694458,Human,6086771,3.57142
72,1,gpt-5.1,02/03/2026,22.784274101257324,Recognition,6330459,4.17653
72,1,gpt-5.1,02/03/2026,26.961140871047974,Prediction,6330459,1.76666
72,1,gpt-5.1,02/03/2026,28.769188404083252,Robot,6330459,7.3955
72,1,gpt-5.1,02/03/2026,36.16468834877014,Human,6330459,11.51385
72,1,gpt-5.1,02/03/2026,50.96652126312256,Recognition,4610745,2.22058
72,1,gpt-5.1,02/03/2026,53.187294721603394,Prediction,4610745,1.72824
72,1,gpt-5.1,02/03/2026,54.93171572685242,Robot,4610745,7.98448
72,1,gpt-5.1,02/03/2026,62.91619372367859,Human,4610745,7.8738
72,1,gpt-5.1,02/03/2026,92.92261695861816,Recognition,6335178,2.03134
72,1,gpt-5.1,02/03/2026,94.95421862602234,Prediction,6335178,2.26853
72,1,gpt-5.1,02/03/2026,97.27844047546387,Robot,6335178,8.03799
72,1,gpt-5.1,02/03/2026,105.31643033027649,Human,6335178,3.70626
72,1,gpt-5.1,02/03/2026,112.30591320991516,Recognition,6335170,2.22291
72,1,gpt-5.1,02/03/2026,114.52918434143066,Prediction,6335170,2.03884
72,1,gpt-5.1,02/03/2026,116.6300880908966,Robot,6335170,8.08651
72,1,gpt-5.1,02/03/2026,124.71660447120667,Human,6335170,5.52923
72,1,gpt-5.1,02/03/2026,133.5252170562744,Recognition,4648231,2.23143
72,1,gpt-5.1,02/03/2026,135.7568325996399,Prediction,4648231,2.01853
72,1,gpt-5.1,02/03/2026,137.81996989250183,Robot,4648231,7.99278
72,1,gpt-5.1,02/03/2026,145.81275701522827,Human,4648231,7.45718
72,1,gpt-5.1,02/03/2026,156.56913208961487,Recognition,4648238,2.30495
72,1,gpt-5.1,02/03/2026,158.87428188323975,Prediction,4648238,2.04922
72,1,gpt-5.1,02/03/2026,160.97055459022522,Robot,4648238,7.88949
72,1,gpt-5.1,02/03/2026,168.86004424095154,Human,4648238,6.13062
72,1,gpt-5.1,02/03/2026,178.28679037094116,Recognition,6192849,2.26682
72,1,gpt-5.1,02/03/2026,180.55381083488464,Prediction,6192849,2.14768
72,1,gpt-5.1,02/03/2026,182.7645447254181,Robot,6192849,9.02436
72,1,gpt-5.1,02/03/2026,191.7889108657837,Human,6192849,4.33727
72,1,gpt-5.1,02/03/2026,211.18019151687622,Recognition,6086771,2.09907
72,1,gpt-5.1,02/03/2026,213.27944564819336,Prediction,6086771,2.57595
72,1,gpt-5.1,02/03/2026,215.91847491264343,Robot,6086771,7.87002
72,1,gpt-5.1,02/03/2026,223.78849983215332,Human,6086771,2.36112
72,1,gpt-5.1,02/03/2026,229.3904092311859,Recognition,6056475,2.171
72,1,gpt-5.1,02/03/2026,231.5617527961731,Prediction,6056475,2.51338
72,1,gpt-5.1,02/03/2026,234.1090211868286,Robot,6056475,7.27152
72,1,gpt-5.1,02/03/2026,241.38054490089417,Human,6056475,6.76918
72,1,gpt-5.1,02/03/2026,251.3990969657898,Recognition,6286272,2.8301
72,1,gpt-5.1,02/03/2026,254.2294626235962,Prediction,6286272,4.18866
72,1,gpt-5.1,02/03/2026,258.44554805755615,Robot,6286272,7.3748
72,1,gpt-5.1,02/03/2026,265.8203525543213,Human,6286272,3.24967
72,1,gpt-5.1,02/03/2026,272.3199589252472,Recognition,6056492,4.3578
72,1,gpt-5.1,02/03/2026,276.6780860424042,Prediction,6056492,1.92244
72,1,gpt-5.1,02/03/2026,278.65878653526306,Robot,6056492,7.5617
72,1,gpt-5.1,02/03/2026,286.22048568725586,Human,6056492,2.47314
72,1,gpt-5.1,02/03/2026,291.92852449417114,Recognition,6330455,2.14723
72,1,gpt-5.1,02/03/2026,294.07593846321106,Prediction,6330455,2.03756
72,1,gpt-5.1,02/03/2026,296.16252541542053,Robot,6330455,7.89759
72,1,gpt-5.1,02/03/2026,304.0601165294647,Human,6330455,2.42565
72,1,gpt-5.1,02/03/2026,309.7677390575409,Recognition,6330456,2.21053
72,1,gpt-5.1,02/03/2026,311.97849559783936,Prediction,6330456,2.55599
72,1,gpt-5.1,02/03/2026,314.5672242641449,Robot,6330456,7.18908
72,1,gpt-5.1,02/03/2026,321.75630736351013,Human,6330456,2.09837
72,1,gpt-5.1,02/03/2026,327.1065607070923,Recognition,6226661,2.36694
72,1,gpt-5.1,02/03/2026,329.47368597984314,Prediction,6226661,2.00634
72,1,gpt-5.1,02/03/2026,331.5139195919037,Robot,6226661,7.81766
72,1,gpt-5.1,02/03/2026,339.33158254623413,Human,6226661,3.21837
74,1,gpt-5.1,02/03/2026,3.309034585952759,Recognition,6086771,3.37477
74,1,gpt-5.1,02/03/2026,6.683926105499268,Prediction,6086771,2.20284
74,1,gpt-5.1,02/03/2026,8.907047748565674,Robot,6086771,8.32184
74,1,gpt-5.1,02/03/2026,17.228890895843506,Human,6086771,5.01051
74,1,gpt-5.1,02/03/2026,25.53584599494934,Recognition,6330459,2.5201
74,1,gpt-5.1,02/03/2026,28.056288719177246,Prediction,6330459,2.04903
74,1,gpt-5.1,02/03/2026,30.155242681503296,Robot,6330459,7.25751
74,1,gpt-5.1,02/03/2026,37.41275644302368,Human,6330459,7.76005
74,1,gpt-5.1,02/03/2026,48.44736385345459,Recognition,4610745,1.96532
74,1,gpt-5.1,02/03/2026,50.412869930267334,Prediction,4610745,1.70052
74,1,gpt-5.1,02/03/2026,52.150574922561646,Robot,4610745,7.93423
74,1,gpt-5.1,02/03/2026,60.08480453491211,Human,4610745,6.45653
74,1,gpt-5.1,02/03/2026,81.29294776916504,Recognition,6335178,3.33497
74,1,gpt-5.1,02/03/2026,84.62821054458618,Prediction,6335178,2.89264
74,1,gpt-5.1,02/03/2026,87.57697558403015,Robot,6335178,8.02692
74,1,gpt-5.1,02/03/2026,95.60390257835388,Human,6335178,2.90535
74,1,gpt-5.1,02/03/2026,101.78113794326782,Recognition,6335170,2.10042
74,1,gpt-5.1,02/03/2026,103.88187336921692,Prediction,6335170,2.25362
74,1,gpt-5.1,02/03/2026,106.2012152671814,Robot,6335170,8.42717
74,1,gpt-5.1,02/03/2026,114.62838435173035,Human,6335170,6.05502
74,1,gpt-5.1,02/03/2026,123.93896508216858,Recognition,4648231,2.21818
74,1,gpt-5.1,02/03/2026,126.15734553337097,Prediction,4648231,2.08456
74,1,gpt-5.1,02/03/2026,128.28527808189392,Robot,4648231,7.9665
74,1,gpt-5.1,02/03/2026,136.25177478790283,Human,4648231,6.6093
74,1,gpt-5.1,02/03/2026,146.11024928092957,Recognition,4648238,2.36357
74,1,gpt-5.1,02/03/2026,148.47411441802979,Prediction,4648238,2.97487
74,1,gpt-5.1,02/03/2026,151.51558589935303,Robot,4648238,8.00888
74,1,gpt-5.1,02/03/2026,159.52446699142456,Human,4648238,6.01661
74,1,gpt-5.1,02/03/2026,168.80291056632996,Recognition,6192849,3.33808
74,1,gpt-5.1,02/03/2026,172.1413230895996,Prediction,6192849,3.19126
74,1,gpt-5.1,02/03/2026,175.37578082084656,Robot,6192849,9.02045
74,1,gpt-5.1,02/03/2026,184.39623522758484,Human,6192849,3.00863
74,1,gpt-5.1,02/03/2026,204.25839853286743,Recognition,6086771,2.26679
74,1,gpt-5.1,02/03/2026,206.52538299560547,Prediction,6086771,2.12501
74,1,gpt-5.1,02/03/2026,208.6950855255127,Robot,6086771,7.88493
74,1,gpt-5.1,02/03/2026,216.58001494407654,Human,6086771,2.9447
74,1,gpt-5.1,02/03/2026,222.77723503112793,Recognition,6056475,2.39589
74,1,gpt-5.1,02/03/2026,225.17332124710083,Prediction,6056475,2.11662
74,1,gpt-5.1,02/03/2026,227.3136978149414,Robot,6056475,7.27428
74,1,gpt-5.1,02/03/2026,234.58797907829285,Human,6056475,12.60059
74,1,gpt-5.1,02/03/2026,250.46526956558228,Recognition,6286272,2.39225
74,1,gpt-5.1,02/03/2026,252.85781407356262,Prediction,6286272,2.69307
74,1,gpt-5.1,02/03/2026,255.59168887138367,Robot,6286272,7.36334
74,1,gpt-5.1,02/03/2026,262.9550311565399,Human,6286272,3.11333
74,1,gpt-5.1,02/03/2026,269.33572340011597,Recognition,6056492,2.65312
74,1,gpt-5.1,02/03/2026,271.98913311958313,Prediction,6056492,2.50258
74,1,gpt-5.1,02/03/2026,274.5161643028259,Robot,6056492,7.57497
74,1,gpt-5.1,02/03/2026,282.09113454818726,Human,6056492,4.85766
74,1,gpt-5.1,02/03/2026,290.21312141418457,Recognition,6330455,2.11794
74,1,gpt-5.1,02/03/2026,292.3312633037567,Prediction,6330455,3.96105
74,1,gpt-5.1,02/03/2026,296.32126665115356,Robot,6330455,7.86645
74,1,gpt-5.1,02/03/2026,304.1877212524414,Human,6330455,5.24093
74,1,gpt-5.1,02/03/2026,312.6967098712921,Recognition,6330456,2.23101
74,1,gpt-5.1,02/03/2026,314.9279510974884,Prediction,6330456,3.17922
74,1,gpt-5.1,02/03/2026,318.1340618133545,Robot,6330456,7.1975
74,1,gpt-5.1,02/03/2026,325.3315601348877,Human,6330456,4.12093
74,1,gpt-5.1,02/03/2026,332.71400809288025,Recognition,6226661,2.18856
74,1,gpt-5.1,02/03/2026,334.90281534194946,Prediction,6226661,4.26218
74,1,gpt-5.1,02/03/2026,339.1950373649597,Robot,6226661,7.80836
74,1,gpt-5.1,02/03/2026,347.0033988952637,Human,6226661,4.097
76,2,gpt-5.1,03/03/2026,3.293186902999878,Recognition,6086771,2.70102
76,2,gpt-5.1,03/03/2026,5.994369268417358,Prediction,6086771,1.78428
76,2,gpt-5.1,03/03/2026,7.797367811203003,Robot,6086771,8.27162
76,2,gpt-5.1,03/03/2026,16.068992376327515,Human,6086771,2.14984
76,2,gpt-5.1,03/03/2026,21.467888832092285,Recognition,6330459,2.43489
76,2,gpt-5.1,03/03/2026,23.902981758117676,Prediction,6330459,4.10635
76,2,gpt-5.1,03/03/2026,28.029046773910522,Robot,6330459,7.29579
76,2,gpt-5.1,03/03/2026,35.32484269142151,Human,6330459,6.59594
76,2,gpt-5.1,03/03/2026,45.19725728034973,Recognition,4610745,2.71141
76,2,gpt-5.1,03/03/2026,47.908724546432495,Prediction,4610745,2.21195
76,2,gpt-5.1,03/03/2026,50.15222144126892,Robot,4610745,8.10874
76,2,gpt-5.1,03/03/2026,58.26096510887146,Human,4610745,3.57145
76,2,gpt-5.1,03/03/2026,73.34496092796326,Recognition,6335178,2.63095
76,2,gpt-5.1,03/03/2026,75.97610712051392,Prediction,6335178,2.48586
76,2,gpt-5.1,03/03/2026,78.52029776573181,Robot,6335178,8.02753
76,2,gpt-5.1,03/03/2026,86.54783082008362,Human,6335178,2.21281
76,2,gpt-5.1,03/03/2026,92.0247163772583,Recognition,6335170,2.29277
76,2,gpt-5.1,03/03/2026,94.31767654418945,Prediction,6335170,2.45442
76,2,gpt-5.1,03/03/2026,96.81550407409668,Robot,6335170,10.74914
76,2,gpt-5.1,03/03/2026,107.56464958190918,Human,6335170,3.24383
76,2,gpt-5.1,03/03/2026,114.07992100715637,Recognition,4648231,2.34293
76,2,gpt-5.1,03/03/2026,116.42305064201355,Prediction,4648231,2.30318
76,2,gpt-5.1,03/03/2026,118.77055358886719,Robot,4648231,7.96956
76,2,gpt-5.1,03/03/2026,126.7401123046875,Human,4648231,4.10893
76,2,gpt-5.1,03/03/2026,134.12767505645752,Recognition,4648238,1.94204
76,2,gpt-5.1,03/03/2026,136.07000494003296,Prediction,4648238,2.01703
76,2,gpt-5.1,03/03/2026,138.1306414604187,Robot,4648238,8.00932
76,2,gpt-5.1,03/03/2026,146.13996124267578,Human,4648238,2.84431
76,2,gpt-5.1,03/03/2026,152.27389478683472,Recognition,6192849,2.5359
76,2,gpt-5.1,03/03/2026,154.81001806259155,Prediction,6192849,2.65187
76,2,gpt-5.1,03/03/2026,157.5201976299286,Robot,6192849,7.99569
76,2,gpt-5.1,03/03/2026,165.5158886909485,Human,6192849,3.81261
76,2,gpt-5.1,03/03/2026,172.6338405609131,Recognition,,2.22814
76,2,gpt-5.1,03/03/2026,186.0929470062256,Recognition,6086771,1.7754
76,2,gpt-5.1,03/03/2026,187.86873245239258,Prediction,6086771,2.29381
76,2,gpt-5.1,03/03/2026,190.1878683567047,Robot,6086771,8.85648
76,2,gpt-5.1,03/03/2026,199.04435181617737,Human,6086771,1.81253
76,2,gpt-5.1,03/03/2026,204.15331721305847,Recognition,6056475,2.72537
76,2,gpt-5.1,03/03/2026,206.87879967689514,Prediction,6056475,2.30363
76,2,gpt-5.1,03/03/2026,209.23385047912598,Robot,6056475,7.27429
76,2,gpt-5.1,03/03/2026,216.508141040802,Human,6056475,3.1007
76,2,gpt-5.1,03/03/2026,222.89488005638123,Recognition,6286272,2.20982
76,2,gpt-5.1,03/03/2026,225.10508918762207,Prediction,6286272,2.13446
76,2,gpt-5.1,03/03/2026,227.28410983085632,Robot,6286272,7.37564
76,2,gpt-5.1,03/03/2026,234.6597604751587,Human,6286272,2.87673
76,2,gpt-5.1,03/03/2026,240.80207562446594,Recognition,6056492,2.0982
76,2,gpt-5.1,03/03/2026,242.9004979133606,Prediction,6056492,2.41257
76,2,gpt-5.1,03/03/2026,245.35249829292297,Robot,6056492,7.57935
76,2,gpt-5.1,03/03/2026,252.93185329437256,Human,6056492,2.83679
76,2,gpt-5.1,03/03/2026,259.0525908470154,Recognition,6330455,2.33141
76,2,gpt-5.1,03/03/2026,261.38431549072266,Prediction,6330455,3.16088
76,2,gpt-5.1,03/03/2026,264.5805561542511,Robot,6330455,7.87128
76,2,gpt-5.1,03/03/2026,272.45183634757996,Human,6330455,2.87698
76,2,gpt-5.1,03/03/2026,278.60007882118225,Recognition,6330456,2.83206
76,2,gpt-5.1,03/03/2026,281.43221783638,Prediction,6330456,2.43638
76,2,gpt-5.1,03/03/2026,283.9004213809967,Robot,6330456,7.1993
76,2,gpt-5.1,03/03/2026,291.0997269153595,Human,6330456,3.60498
76,2,gpt-5.1,03/03/2026,297.96955466270447,Recognition,6226661,2.11301
76,2,gpt-5.1,03/03/2026,300.0827639102936,Prediction,6226661,2.08399
76,2,gpt-5.1,03/03/2026,302.19493770599365,Robot,6226661,7.84089
76,2,gpt-5.1,03/03/2026,310.03582549095154,Human,6226661,2.62892
76,2,gpt-5.1,03/03/2026,321.0706398487091,Human,,9.17783
79,1,gpt-5.1,04/03/2026,3.316890239715576,Recognition,6086771,2.87486
79,1,gpt-5.1,04/03/2026,6.191859006881714,Prediction,6086771,2.4629
79,1,gpt-5.1,04/03/2026,8.680840015411377,Robot,6086771,8.26026
79,1,gpt-5.1,04/03/2026,16.941104650497437,Human,6086771,5.3979
79,1,gpt-5.1,04/03/2026,25.63424849510193,Recognition,6330459,2.13832
79,1,gpt-5.1,04/03/2026,27.772768259048462,Prediction,6330459,2.4693
79,1,gpt-5.1,04/03/2026,30.28311824798584,Robot,6330459,7.29786
79,1,gpt-5.1,04/03/2026,37.58098268508911,Human,6330459,7.68535
79,1,gpt-5.1,04/03/2026,48.55176782608032,Recognition,4610745,2.40953
79,1,gpt-5.1,04/03/2026,50.961602210998535,Prediction,4610745,1.79428
79,1,gpt-5.1,04/03/2026,52.791295766830444,Robot,4610745,7.96603
79,1,gpt-5.1,04/03/2026,60.75733208656311,Human,4610745,4.71735
79,1,gpt-5.1,04/03/2026,94.9168758392334,Recognition,6335178,2.69623
79,1,gpt-5.1,04/03/2026,97.61336159706116,Prediction,6335178,2.87783
79,1,gpt-5.1,04/03/2026,100.5433976650238,Robot,6335178,8.00516
79,1,gpt-5.1,04/03/2026,108.54856491088867,Human,6335178,1.7104
79,1,gpt-5.1,04/03/2026,113.56508660316467,Recognition,6335170,1.9844
79,1,gpt-5.1,04/03/2026,115.5496723651886,Prediction,6335170,2.79722
79,1,gpt-5.1,04/03/2026,118.38726568222046,Robot,6335170,8.54513
79,1,gpt-5.1,04/03/2026,126.93239903450012,Human,6335170,3.24056
79,1,gpt-5.1,04/03/2026,133.47910118103027,Recognition,4648231,2.65635
79,1,gpt-5.1,04/03/2026,136.1355550289154,Prediction,4648231,2.22836
79,1,gpt-5.1,04/03/2026,138.40038132667542,Robot,4648231,7.97275
79,1,gpt-5.1,04/03/2026,146.37313747406006,Human,4648231,3.20519
79,1,gpt-5.1,04/03/2026,152.86235213279724,Recognition,4648238,2.37234
79,1,gpt-5.1,04/03/2026,155.2349889278412,Prediction,4648238,2.4368
79,1,gpt-5.1,04/03/2026,157.71827793121338,Robot,4648238,8.09481
79,1,gpt-5.1,04/03/2026,165.81308794021606,Human,4648238,2.50943
79,1,gpt-5.1,04/03/2026,171.6103367805481,Recognition,6192849,2.34411
79,1,gpt-5.1,04/03/2026,173.9546401500702,Prediction,6192849,3.19019
79,1,gpt-5.1,04/03/2026,177.1844024658203,Robot,6192849,8.0204
79,1,gpt-5.1,04/03/2026,185.20480728149414,Human,6192849,2.72663
79,1,gpt-5.1,04/03/2026,203.2722795009613,Recognition,6086771,2.58125
79,1,gpt-5.1,04/03/2026,205.85380172729492,Prediction,6086771,2.19726
79,1,gpt-5.1,04/03/2026,208.07959055900574,Robot,6086771,8.87753
79,1,gpt-5.1,04/03/2026,216.95712661743164,Human,6086771,1.42113
79,1,gpt-5.1,04/03/2026,221.6309413909912,Recognition,6056475,2.023
79,1,gpt-5.1,04/03/2026,223.65409326553345,Prediction,6056475,2.59175
79,1,gpt-5.1,04/03/2026,226.27632784843445,Robot,6056475,7.27272
79,1,gpt-5.1,04/03/2026,233.5490481853485,Human,6056475,1.71726
79,1,gpt-5.1,04/03/2026,238.52672410011292,Recognition,6286272,2.25641
79,1,gpt-5.1,04/03/2026,240.78348469734192,Prediction,6286272,2.13592
79,1,gpt-5.1,04/03/2026,242.94279432296753,Robot,6286272,7.36577
79,1,gpt-5.1,04/03/2026,250.30856943130493,Human,6286272,2.11825
79,1,gpt-5.1,04/03/2026,255.69631481170654,Recognition,6056492,3.22609
79,1,gpt-5.1,04/03/2026,258.922705411911,Prediction,6056492,2.60186
79,1,gpt-5.1,04/03/2026,261.54988837242126,Robot,6056492,7.58248
79,1,gpt-5.1,04/03/2026,269.1323742866516,Human,6056492,2.38284
79,1,gpt-5.1,04/03/2026,274.77595686912537,Recognition,6330455,2.62682
79,1,gpt-5.1,04/03/2026,277.4030773639679,Prediction,6330455,2.23124
79,1,gpt-5.1,04/03/2026,279.68072533607483,Robot,6330455,7.85979
79,1,gpt-5.1,04/03/2026,287.5405149459839,Human,6330455,1.64654
79,1,gpt-5.1,04/03/2026,292.45538997650146,Recognition,6330456,2.52433
79,1,gpt-5.1,04/03/2026,294.9799060821533,Prediction,6330456,2.55256
79,1,gpt-5.1,04/03/2026,297.5746855735779,Robot,6330456,7.19788
79,1,gpt-5.1,04/03/2026,304.7725672721863,Human,6330456,3.03067
79,1,gpt-5.1,04/03/2026,311.073148727417,Recognition,6226661,3.02298
79,1,gpt-5.1,04/03/2026,314.09649538993835,Prediction,6226661,2.73245
79,1,gpt-5.1,04/03/2026,316.8628280162811,Robot,6226661,7.81394
79,1,gpt-5.1,04/03/2026,324.676771402359,Human,6226661,4.03851
79,1,gpt-5.1,04/03/2026,337.9317162036896,Human,,12.91101
80,1,gpt-5.1,04/03/2026,3.3136181831359863,Recognition,6086771,2.08203
80,1,gpt-5.1,04/03/2026,5.395775318145752,Prediction,6086771,1.59751
80,1,gpt-5.1,04/03/2026,7.022972106933594,Robot,6086771,8.26252
80,1,gpt-5.1,04/03/2026,15.285496234893799,Human,6086771,6.35427
80,1,gpt-5.1,04/03/2026,24.92732882499695,Recognition,6330459,2.35569
80,1,gpt-5.1,04/03/2026,27.283382654190063,Prediction,6330459,1.60248
80,1,gpt-5.1,04/03/2026,28.921555280685425,Robot,6330459,7.4114
80,1,gpt-5.1,04/03/2026,36.332961320877075,Human,6330459,10.48964
80,1,gpt-5.1,04/03/2026,50.10683798789978,Recognition,4610745,2.09693
80,1,gpt-5.1,04/03/2026,52.20409536361694,Prediction,4610745,2.30896
80,1,gpt-5.1,04/03/2026,54.539584159851074,Robot,4610745,7.98606
80,1,gpt-5.1,04/03/2026,62.52564215660095,Human,4610745,5.08987
80,1,gpt-5.1,04/03/2026,88.03762340545654,Recognition,6335178,1.88256
80,1,gpt-5.1,04/03/2026,89.92037224769592,Prediction,6335178,2.19732
80,1,gpt-5.1,04/03/2026,92.18764042854309,Robot,6335178,7.99436
80,1,gpt-5.1,04/03/2026,100.18200445175171,Human,6335178,1.52368
80,1,gpt-5.1,04/03/2026,104.9732916355133,Recognition,6335170,2.32089
80,1,gpt-5.1,04/03/2026,107.29436349868774,Prediction,6335170,2.27951
80,1,gpt-5.1,04/03/2026,109.62410759925842,Robot,6335170,8.48504
80,1,gpt-5.1,04/03/2026,118.10915064811707,Human,6335170,7.49012
80,1,gpt-5.1,04/03/2026,128.86307978630066,Recognition,4648231,2.4149
80,1,gpt-5.1,04/03/2026,131.27815079689026,Prediction,4648231,4.34643
80,1,gpt-5.1,04/03/2026,135.70933771133423,Robot,4648231,7.96053
80,1,gpt-5.1,04/03/2026,143.66986465454102,Human,4648231,4.93685
80,1,gpt-5.1,04/03/2026,151.88567686080933,Recognition,4648238,2.71586
80,1,gpt-5.1,04/03/2026,154.60182762145996,Prediction,4648238,2.30619
80,1,gpt-5.1,04/03/2026,156.97712516784668,Robot,4648238,7.98837
80,1,gpt-5.1,04/03/2026,164.96549320220947,Human,4648238,2.86632
80,1,gpt-5.1,04/03/2026,171.1006247997284,Recognition,6192849,2.51618
80,1,gpt-5.1,04/03/2026,173.6171793937683,Prediction,6192849,2.66327
80,1,gpt-5.1,04/03/2026,176.31770825386047,Robot,6192849,8.00845
80,1,gpt-5.1,04/03/2026,184.32616138458252,Human,6192849,3.2333
80,1,gpt-5.1,04/03/2026,190.84296131134033,Recognition,,2.75234
80,1,gpt-5.1,04/03/2026,205.42336010932922,Recognition,6086771,2.04924
80,1,gpt-5.1,04/03/2026,207.47288870811462,Prediction,6086771,2.43338
80,1,gpt-5.1,04/03/2026,209.95636367797852,Robot,6086771,8.86562
80,1,gpt-5.1,04/03/2026,218.82198786735535,Human,6086771,0.88133
80,1,gpt-5.1,04/03/2026,222.96952271461487,Recognition,6056475,2.32312
80,1,gpt-5.1,04/03/2026,225.29298162460327,Prediction,6056475,2.2472
80,1,gpt-5.1,04/03/2026,227.58284449577332,Robot,6056475,7.39929
80,1,gpt-5.1,04/03/2026,234.98213911056519,Human,6056475,7.2737
80,1,gpt-5.1,04/03/2026,245.5484173297882,Recognition,6286272,2.02736
80,1,gpt-5.1,04/03/2026,247.57598066329956,Prediction,6286272,2.98193
80,1,gpt-5.1,04/03/2026,250.58706045150757,Robot,6286272,7.37098
80,1,gpt-5.1,04/03/2026,257.95804047584534,Human,6286272,1.80127
80,1,gpt-5.1,04/03/2026,263.0327124595642,Recognition,6056492,2.60518
80,1,gpt-5.1,04/03/2026,265.6380898952484,Prediction,6056492,2.37066
80,1,gpt-5.1,04/03/2026,268.0577383041382,Robot,6056492,7.57238
80,1,gpt-5.1,04/03/2026,275.6301164627075,Human,6056492,3.27325
80,1,gpt-5.1,04/03/2026,282.17741346359253,Recognition,6330455,2.61869
80,1,gpt-5.1,04/03/2026,284.7962281703949,Prediction,6330455,2.45416
80,1,gpt-5.1,04/03/2026,287.28494811058044,Robot,6330455,7.87321
80,1,gpt-5.1,04/03/2026,295.1581573486328,Human,6330455,4.25788
80,1,gpt-5.1,04/03/2026,302.68674421310425,Recognition,6330456,2.40884
80,1,gpt-5.1,04/03/2026,305.09578013420105,Prediction,6330456,2.56737
80,1,gpt-5.1,04/03/2026,307.7191550731659,Robot,6330456,7.19929
80,1,gpt-5.1,04/03/2026,314.91844964027405,Human,6330456,2.0415
80,1,gpt-5.1,04/03/2026,320.22972655296326,Recognition,6226661,2.71726
80,1,gpt-5.1,04/03/2026,322.94716477394104,Prediction,6226661,2.78426
80,1,gpt-5.1,04/03/2026,325.7616913318634,Robot,6226661,7.93193
80,1,gpt-5.1,04/03/2026,333.69362330436707,Human,6226661,2.51397
80,1,gpt-5.1,04/03/2026,346.1753239631653,Human,,30.92053
81,1,gpt-5.1,10/03/2026,3.3108408451080322,Recognition,6086771,4.43385
81,1,gpt-5.1,10/03/2026,7.744822263717651,Prediction,6086771,2.38727
81,1,gpt-5.1,10/03/2026,10.157336235046387,Robot,6086771,8.23922
81,1,gpt-5.1,10/03/2026,18.396561861038208,Human,6086771,15.01442
81,1,gpt-5.1,10/03/2026,36.65056252479553,Recognition,6330459,3.12843
81,1,gpt-5.1,10/03/2026,39.779200077056885,Prediction,6330459,1.94035
81,1,gpt-5.1,10/03/2026,41.75018095970154,Robot,6330459,7.24613
81,1,gpt-5.1,10/03/2026,48.99631309509277,Human,6330459,11.17808
81,1,gpt-5.1,10/03/2026,63.4432156085968,Recognition,4610745,5.52767
81,1,gpt-5.1,10/03/2026,68.97122812271118,Prediction,4610745,2.3465
81,1,gpt-5.1,10/03/2026,71.34492063522339,Robot,4610745,7.96294
81,1,gpt-5.1,10/03/2026,79.30786848068237,Human,4610745,10.29168
81,1,gpt-5.1,10/03/2026,112.84929585456848,Recognition,6335178,4.53819
81,1,gpt-5.1,10/03/2026,117.38769841194153,Prediction,6335178,2.9202
81,1,gpt-5.1,10/03/2026,120.37954711914062,Robot,6335178,8.02486
81,1,gpt-5.1,10/03/2026,128.4044108390808,Human,6335178,3.08118
81,1,gpt-5.1,10/03/2026,134.76010918617249,Recognition,6335170,2.96333
81,1,gpt-5.1,10/03/2026,137.72363996505737,Prediction,6335170,2.84939
81,1,gpt-5.1,10/03/2026,140.66721892356873,Robot,6335170,8.48034
81,1,gpt-5.1,10/03/2026,149.14756774902344,Human,6335170,6.78784
81,1,gpt-5.1,10/03/2026,159.17221975326538,Recognition,4648231,2.96916
81,1,gpt-5.1,10/03/2026,162.14146637916565,Prediction,4648231,2.53311
81,1,gpt-5.1,10/03/2026,164.72068190574646,Robot,4648231,8.04261
81,1,gpt-5.1,10/03/2026,172.76329708099365,Human,4648231,9.63576
81,1,gpt-5.1,10/03/2026,185.6581084728241,Recognition,4648238,3.20186
81,1,gpt-5.1,10/03/2026,188.86022233963013,Prediction,4648238,2.43444
81,1,gpt-5.1,10/03/2026,191.3535511493683,Robot,4648238,7.59372
81,1,gpt-5.1,10/03/2026,198.94727635383606,Human,4648238,7.52343
81,1,gpt-5.1,10/03/2026,209.72284483909607,Recognition,6192849,4.16404
81,1,gpt-5.1,10/03/2026,213.88719987869263,Prediction,6192849,3.60981
81,1,gpt-5.1,10/03/2026,217.54335761070251,Robot,6192849,8.01996
81,1,gpt-5.1,10/03/2026,225.5633180141449,Human,6192849,7.08998
81,1,gpt-5.1,10/03/2026,235.9058153629303,Recognition,,2.20434
81,1,gpt-5.1,10/03/2026,262.2238907814026,Recognition,6086771,3.46955
81,1,gpt-5.1,10/03/2026,265.69363594055176,Prediction,6086771,4.58303
81,1,gpt-5.1,10/03/2026,270.3263635635376,Robot,6086771,8.84535
81,1,gpt-5.1,10/03/2026,279.1717131137848,Human,6086771,2.52301
81,1,gpt-5.1,10/03/2026,284.9696755409241,Recognition,6056475,2.42089
81,1,gpt-5.1,10/03/2026,287.3907732963562,Prediction,6056475,4.11929
81,1,gpt-5.1,10/03/2026,291.55108737945557,Robot,6056475,7.26852
81,1,gpt-5.1,10/03/2026,298.81961727142334,Human,6056475,6.099
81,1,gpt-5.1,10/03/2026,308.1812114715576,Recognition,6286272,3.72482
81,1,gpt-5.1,10/03/2026,311.90628838539124,Prediction,6286272,2.38799
81,1,gpt-5.1,10/03/2026,314.32970571517944,Robot,6286272,7.35379
81,1,gpt-5.1,10/03/2026,321.68349504470825,Human,6286272,2.66746
81,1,gpt-5.1,10/03/2026,327.59361457824707,Recognition,6056492,2.31615
81,1,gpt-5.1,10/03/2026,329.91004395484924,Prediction,6056492,2.38735
81,1,gpt-5.1,10/03/2026,332.3336672782898,Robot,6056492,7.58913
81,1,gpt-5.1,10/03/2026,339.9227979183197,Human,6056492,3.05246
81,1,gpt-5.1,10/03/2026,346.25140357017517,Recognition,6330455,2.13977
81,1,gpt-5.1,10/03/2026,348.39137387275696,Prediction,6330455,2.88531
81,1,gpt-5.1,10/03/2026,351.30627727508545,Robot,6330455,8.09641
81,1,gpt-5.1,10/03/2026,359.4026861190796,Human,6330455,2.75189
81,1,gpt-5.1,10/03/2026,365.43358159065247,Recognition,6330456,3.23634
81,1,gpt-5.1,10/03/2026,368.6701149940491,Prediction,6330456,2.80281
81,1,gpt-5.1,10/03/2026,371.51433873176575,Robot,6330456,7.20071
81,1,gpt-5.1,10/03/2026,378.71505069732666,Human,6330456,3.6122
81,1,gpt-5.1,10/03/2026,385.58074021339417,Recognition,6226661,4.26212
81,1,gpt-5.1,10/03/2026,389.843239068985,Prediction,6226661,2.40154
81,1,gpt-5.1,10/03/2026,392.2831356525421,Robot,6226661,7.80744
81,1,gpt-5.1,10/03/2026,400.09057664871216,Human,6226661,3.30028
81,1,gpt-5.1,10/03/2026,416.72141695022583,Human,,28.33343
82,1,gpt-5.1,10/03/2026,3.2891318798065186,Recognition,6086771,2.67973
82,1,gpt-5.1,10/03/2026,5.968995094299316,Prediction,6086771,1.76497
82,1,gpt-5.1,10/03/2026,7.755701065063477,Robot,6086771,8.25781
82,1,gpt-5.1,10/03/2026,16.013517379760742,Human,6086771,5.58992
82,1,gpt-5.1,10/03/2026,24.88082265853882,Recognition,6330459,2.02322
82,1,gpt-5.1,10/03/2026,26.90436625480652,Prediction,6330459,2.00288
82,1,gpt-5.1,10/03/2026,28.939358949661255,Robot,6330459,7.49719
82,1,gpt-5.1,10/03/2026,36.43655014038086,Human,6330459,19.27046
82,1,gpt-5.1,10/03/2026,58.97085762023926,Recognition,4610745,3.36418
82,1,gpt-5.1,10/03/2026,62.33511471748352,Prediction,4610745,3.63252
82,1,gpt-5.1,10/03/2026,66.01092958450317,Robot,4610745,7.96157
82,1,gpt-5.1,10/03/2026,73.97249865531921,Human,4610745,6.82273
82,1,gpt-5.1,10/03/2026,99.38686656951904,Recognition,6335178,1.85514
82,1,gpt-5.1,10/03/2026,101.24221515655518,Prediction,6335178,2.37577
82,1,gpt-5.1,10/03/2026,103.66314744949341,Robot,6335178,8.01375
82,1,gpt-5.1,10/03/2026,111.67689561843872,Human,6335178,7.11743
82,1,gpt-5.1,10/03/2026,122.07983899116516,Recognition,6335170,3.32282
82,1,gpt-5.1,10/03/2026,125.40288376808167,Prediction,6335170,3.11855
82,1,gpt-5.1,10/03/2026,128.57761812210083,Robot,6335170,8.49839
82,1,gpt-5.1,10/03/2026,137.07601189613342,Human,6335170,9.71911
82,1,gpt-5.1,10/03/2026,150.07375168800354,Recognition,4648231,3.39818
82,1,gpt-5.1,10/03/2026,153.47211480140686,Prediction,4648231,2.42995
82,1,gpt-5.1,10/03/2026,155.94988679885864,Robot,4648231,7.98257
82,1,gpt-5.1,10/03/2026,163.93246054649353,Human,4648231,11.3185
82,1,gpt-5.1,10/03/2026,178.52931213378906,Recognition,4648238,6.78467
82,1,gpt-5.1,10/03/2026,185.31417393684387,Prediction,4648238,2.34975
82,1,gpt-5.1,10/03/2026,187.72611117362976,Robot,4648238,8.02989
82,1,gpt-5.1,10/03/2026,195.75601077079773,Human,4648238,9.75025
82,1,gpt-5.1,10/03/2026,208.77831482887268,Recognition,6192849,1.97592
82,1,gpt-5.1,10/03/2026,210.7546854019165,Prediction,6192849,2.35995
82,1,gpt-5.1,10/03/2026,213.15956687927246,Robot,6192849,8.00482
82,1,gpt-5.1,10/03/2026,221.16439247131348,Human,6192849,6.26168
82,1,gpt-5.1,10/03/2026,230.70035791397095,Recognition,,2.05962
82,1,gpt-5.1,10/03/2026,247.11087012290955,Recognition,6086771,2.21462
82,1,gpt-5.1,10/03/2026,249.32566261291504,Prediction,6086771,2.41908
82,1,gpt-5.1,10/03/2026,251.79277873039246,Robot,6086771,8.85084
82,1,gpt-5.1,10/03/2026,260.6436188220978,Human,6086771,4.58291
82,1,gpt-5.1,10/03/2026,268.52673625946045,Recognition,6056475,2.89094
82,1,gpt-5.1,10/03/2026,271.4178738594055,Prediction,6056475,2.28672
82,1,gpt-5.1,10/03/2026,273.74288845062256,Robot,6056475,7.26869
82,1,gpt-5.1,10/03/2026,281.01158356666565,Human,6056475,13.83116
82,1,gpt-5.1,10/03/2026,298.10354590415955,Recognition,,3.41062
82,1,gpt-5.1,10/03/2026,304.78614044189453,Recognition,6286272,1.99329
82,1,gpt-5.1,10/03/2026,306.77962493896484,Prediction,6286272,2.13445
82,1,gpt-5.1,10/03/2026,308.9549791812897,Robot,6286272,7.36827
82,1,gpt-5.1,10/03/2026,316.3232560157776,Human,6286272,4.43911
82,1,gpt-5.1,10/03/2026,324.03458738327026,Recognition,6056492,2.25208
82,1,gpt-5.1,10/03/2026,326.28696870803833,Prediction,6056492,2.19099
82,1,gpt-5.1,10/03/2026,328.5115613937378,Robot,6056492,7.68345
82,1,gpt-5.1,10/03/2026,336.1950135231018,Human,6056492,5.57489
82,1,gpt-5.1,10/03/2026,345.03793358802795,Recognition,6330455,1.91476
82,1,gpt-5.1,10/03/2026,346.95288133621216,Prediction,6330455,2.36096
82,1,gpt-5.1,10/03/2026,349.33641958236694,Robot,6330455,7.86659
82,1,gpt-5.1,10/03/2026,357.2030117511749,Human,6330455,9.91132
82,1,gpt-5.1,10/03/2026,370.3881437778473,Recognition,6330456,2.49172
82,1,gpt-5.1,10/03/2026,372.8803253173828,Prediction,6330456,2.56953
82,1,gpt-5.1,10/03/2026,375.4763174057007,Robot,6330456,7.19897
82,1,gpt-5.1,10/03/2026,382.67529249191284,Human,6330456,8.77603
82,1,gpt-5.1,10/03/2026,394.74991250038147,Recognition,6226661,2.01097
82,1,gpt-5.1,10/03/2026,396.76116037368774,Prediction,6226661,2.28855
82,1,gpt-5.1,10/03/2026,399.0733027458191,Robot,6226661,7.80217
82,1,gpt-5.1,10/03/2026,406.87547302246094,Human,6226661,11.0626
82,1,gpt-5.1,10/03/2026,437.1211886405945,Human,,17.12668
83,2,gpt-5.1,10/03/2026,3.3007595539093018,Recognition,6086771,2.23665
83,2,gpt-5.1,10/03/2026,5.537519931793213,Prediction,6086771,2.06439
83,2,gpt-5.1,10/03/2026,7.626847982406616,Robot,6086771,8.25811
83,2,gpt-5.1,10/03/2026,15.884963035583496,Human,6086771,4.02152
83,2,gpt-5.1,10/03/2026,23.182624578475952,Recognition,6330459,4.55499
83,2,gpt-5.1,10/03/2026,27.73792338371277,Prediction,6330459,1.78659
83,2,gpt-5.1,10/03/2026,29.567203044891357,Robot,6330459,7.58134
83,2,gpt-5.1,10/03/2026,37.1485435962677,Human,6330459,5.39713
83,2,gpt-5.1,10/03/2026,45.79757833480835,Recognition,4610745,2.64966
83,2,gpt-5.1,10/03/2026,48.447330474853516,Prediction,4610745,3.28524
83,2,gpt-5.1,10/03/2026,51.75202560424805,Robot,4610745,7.96442
83,2,gpt-5.1,10/03/2026,59.71645259857178,Human,4610745,5.65295
83,2,gpt-5.1,10/03/2026,83.05807948112488,Recognition,6335178,3.49028
83,2,gpt-5.1,10/03/2026,86.54864168167114,Prediction,6335178,2.81367
83,2,gpt-5.1,10/03/2026,89.426194190979,Robot,6335178,8.03412
83,2,gpt-5.1,10/03/2026,97.46031856536865,Human,6335178,3.21342
83,2,gpt-5.1,10/03/2026,103.92953443527222,Recognition,6335170,4.22016
83,2,gpt-5.1,10/03/2026,108.14990520477295,Prediction,6335170,2.5308
83,2,gpt-5.1,10/03/2026,110.74957156181335,Robot,6335170,8.0627
83,2,gpt-5.1,10/03/2026,118.81227445602417,Human,6335170,4.44539
83,2,gpt-5.1,10/03/2026,126.52630925178528,Recognition,4648231,2.42248
83,2,gpt-5.1,10/03/2026,128.94906210899353,Prediction,4648231,2.81687
83,2,gpt-5.1,10/03/2026,131.83692979812622,Robot,4648231,7.96737
83,2,gpt-5.1,10/03/2026,139.8043065071106,Human,4648231,9.07718
83,2,gpt-5.1,10/03/2026,152.14146184921265,Recognition,4648238,2.7721
83,2,gpt-5.1,10/03/2026,154.91370344161987,Prediction,4648238,2.92785
83,2,gpt-5.1,10/03/2026,157.907062292099,Robot,4648238,7.54611
83,2,gpt-5.1,10/03/2026,165.4531707763672,Human,4648238,5.58873
83,2,gpt-5.1,10/03/2026,174.32020497322083,Recognition,6192849,5.40871
83,2,gpt-5.1,10/03/2026,179.72910976409912,Prediction,6192849,2.80914
83,2,gpt-5.1,10/03/2026,182.57688736915588,Robot,6192849,7.98026
83,2,gpt-5.1,10/03/2026,190.55714774131775,Human,6192849,5.62215
83,2,gpt-5.1,10/03/2026,208.5579924583435,Recognition,6086771,3.47599
83,2,gpt-5.1,10/03/2026,212.03419375419617,Prediction,6086771,2.6302
83,2,gpt-5.1,10/03/2026,214.71587133407593,Robot,6086771,8.87303
83,2,gpt-5.1,10/03/2026,223.58890581130981,Human,6086771,2.66913
83,2,gpt-5.1,10/03/2026,229.52947354316711,Recognition,6056475,2.12839
83,2,gpt-5.1,10/03/2026,231.65807461738586,Prediction,6056475,2.46314
83,2,gpt-5.1,10/03/2026,234.15600657463074,Robot,6056475,7.27248
83,2,gpt-5.1,10/03/2026,241.4284908771515,Human,6056475,4.28561
83,2,gpt-5.1,10/03/2026,248.96817064285278,Recognition,,3.36308
83,2,gpt-5.1,10/03/2026,255.61187720298767,Recognition,6286272,3.95932
83,2,gpt-5.1,10/03/2026,259.57154655456543,Prediction,6286272,2.59655
83,2,gpt-5.1,10/03/2026,262.2051115036011,Robot,6286272,7.68796
83,2,gpt-5.1,10/03/2026,269.8930697441101,Human,6286272,3.93361
83,2,gpt-5.1,10/03/2026,277.09499430656433,Recognition,6056492,2.20854
83,2,gpt-5.1,10/03/2026,279.3039071559906,Prediction,6056492,2.33832
83,2,gpt-5.1,10/03/2026,281.6845247745514,Robot,6056492,7.56788
83,2,gpt-5.1,10/03/2026,289.2524037361145,Human,6056492,3.17415
83,2,gpt-5.1,10/03/2026,295.7083795070648,Recognition,6330455,3.05457
83,2,gpt-5.1,10/03/2026,298.76317381858826,Prediction,6330455,2.75011
83,2,gpt-5.1,10/03/2026,301.542897939682,Robot,6330455,7.86141
83,2,gpt-5.1,10/03/2026,309.4043095111847,Human,6330455,6.06103
83,2,gpt-5.1,10/03/2026,318.7305247783661,Recognition,,2.43679
83,2,gpt-5.1,10/03/2026,324.43507051467896,Recognition,,2.23981
83,2,gpt-5.1,10/03/2026,329.9450407028198,Recognition,,2.32851
83,2,gpt-5.1,10/03/2026,335.538134098053,Recognition,,2.11809
83,2,gpt-5.1,10/03/2026,340.9542603492737,Recognition,6330456,4.44636
83,2,gpt-5.1,10/03/2026,345.4006972312927,Prediction,6330456,3.31552
83,2,gpt-5.1,10/03/2026,348.74559211730957,Robot,6330456,7.19518
83,2,gpt-5.1,10/03/2026,355.9407753944397,Human,6330456,4.32558
83,2,gpt-5.1,10/03/2026,363.5231990814209,Recognition,6226661,2.84129
83,2,gpt-5.1,10/03/2026,366.3647348880768,Prediction,6226661,3.53955
83,2,gpt-5.1,10/03/2026,369.9407706260681,Robot,6226661,7.79998
83,2,gpt-5.1,10/03/2026,377.74075412750244,Human,6226661,6.30212
83,2,gpt-5.1,10/03/2026,394.34500193595886,Human,,21.23594
84,2,gpt-5.1,10/03/2026,3.295464277267456,Recognition,6086771,3.66116
84,2,gpt-5.1,10/03/2026,6.956833124160767,Prediction,6086771,1.72431
84,2,gpt-5.1,10/03/2026,8.7019624710083,Robot,6086771,8.26297
84,2,gpt-5.1,10/03/2026,16.96493172645569,Human,6086771,3.6749
84,2,gpt-5.1,10/03/2026,23.915337085723877,Recognition,6330459,3.58025
84,2,gpt-5.1,10/03/2026,27.495874643325806,Prediction,6330459,1.79191
84,2,gpt-5.1,10/03/2026,29.314038515090942,Robot,6330459,7.24248
84,2,gpt-5.1,10/03/2026,36.5565242767334,Human,6330459,12.93674
84,2,gpt-5.1,10/03/2026,52.77544140815735,Recognition,4610745,1.6226
84,2,gpt-5.1,10/03/2026,54.3983941078186,Prediction,4610745,1.80038
84,2,gpt-5.1,10/03/2026,56.23534417152405,Robot,4610745,7.96853
84,2,gpt-5.1,10/03/2026,64.20387840270996,Human,4610745,15.1054
84,2,gpt-5.1,10/03/2026,94.49923777580261,Recognition,6335178,2.01483
84,2,gpt-5.1,10/03/2026,96.51432466506958,Prediction,6335178,2.00953
84,2,gpt-5.1,10/03/2026,98.58037090301514,Robot,6335178,8.02372
84,2,gpt-5.1,10/03/2026,106.6040940284729,Human,6335178,10.4795
84,2,gpt-5.1,10/03/2026,120.35217595100403,Recognition,6335170,2.56861
84,2,gpt-5.1,10/03/2026,122.92113089561462,Prediction,6335170,3.61682
84,2,gpt-5.1,10/03/2026,126.60075187683105,Robot,6335170,8.04235
84,2,gpt-5.1,10/03/2026,134.64311027526855,Human,6335170,16.47391
84,2,gpt-5.1,10/03/2026,154.3713276386261,Recognition,4648231,3.1948
84,2,gpt-5.1,10/03/2026,157.56632614135742,Prediction,4648231,2.25628
84,2,gpt-5.1,10/03/2026,159.87301063537598,Robot,4648231,8.1546
84,2,gpt-5.1,10/03/2026,168.02760648727417,Human,4648231,8.4174
84,2,gpt-5.1,10/03/2026,179.7192850112915,Recognition,4648238,2.92459
84,2,gpt-5.1,10/03/2026,182.64400792121887,Prediction,4648238,1.9608
84,2,gpt-5.1,10/03/2026,184.70120429992676,Robot,4648238,8.03739
84,2,gpt-5.1,10/03/2026,192.73859405517578,Human,4648238,7.60208
84,2,gpt-5.1,10/03/2026,203.60753655433655,Recognition,6192849,2.06645
84,2,gpt-5.1,10/03/2026,205.67418932914734,Prediction,6192849,3.96216
84,2,gpt-5.1,10/03/2026,209.70693063735962,Robot,6192849,7.99934
84,2,gpt-5.1,10/03/2026,217.7062692642212,Human,6192849,8.81123
84,2,gpt-5.1,10/03/2026,247.64198684692383,Recognition,6086771,2.29635
84,2,gpt-5.1,10/03/2026,249.93870210647583,Prediction,6086771,2.20859
84,2,gpt-5.1,10/03/2026,252.2078502178192,Robot,6086771,8.97825
84,2,gpt-5.1,10/03/2026,261.1861038208008,Human,6086771,7.09866
84,2,gpt-5.1,10/03/2026,271.55015444755554,Recognition,6056475,1.70557
84,2,gpt-5.1,10/03/2026,273.2560360431671,Prediction,6056475,1.93709
84,2,gpt-5.1,10/03/2026,275.222469329834,Robot,6056475,7.52373
84,2,gpt-5.1,10/03/2026,282.74620270729065,Human,6056475,9.62656
84,2,gpt-5.1,10/03/2026,295.64454674720764,Recognition,6286272,1.99128
84,2,gpt-5.1,10/03/2026,297.6361093521118,Prediction,6286272,1.92897
84,2,gpt-5.1,10/03/2026,299.5959441661835,Robot,6286272,7.35816
84,2,gpt-5.1,10/03/2026,306.95410656929016,Human,6286272,8.54692
84,2,gpt-5.1,10/03/2026,318.7540817260742,Recognition,6056492,2.1114
84,2,gpt-5.1,10/03/2026,320.86569714546204,Prediction,6056492,1.92449
84,2,gpt-5.1,10/03/2026,322.83088636398315,Robot,6056492,7.57165
84,2,gpt-5.1,10/03/2026,330.4025368690491,Human,6056492,6.11346
84,2,gpt-5.1,10/03/2026,339.77699089050293,Recognition,6330455,2.8218
84,2,gpt-5.1,10/03/2026,342.5991892814636,Prediction,6330455,2.31583
84,2,gpt-5.1,10/03/2026,344.94613337516785,Robot,6330455,7.95959
84,2,gpt-5.1,10/03/2026,352.90572333335876,Human,6330455,6.41023
84,2,gpt-5.1,10/03/2026,362.5980706214905,Recognition,6330456,2.68219
84,2,gpt-5.1,10/03/2026,365.28049182891846,Prediction,6330456,2.23717
84,2,gpt-5.1,10/03/2026,367.5507335662842,Robot,6330456,7.20302
84,2,gpt-5.1,10/03/2026,374.75375509262085,Human,6330456,6.85003
84,2,gpt-5.1,10/03/2026,384.8746416568756,Recognition,6226661,2.37227
84,2,gpt-5.1,10/03/2026,387.247195482254,Prediction,6226661,1.98177
84,2,gpt-5.1,10/03/2026,389.2662239074707,Robot,6226661,7.80708
84,2,gpt-5.1,10/03/2026,397.0733060836792,Human,6226661,7.85961
84,2,gpt-5.1,10/03/2026,419.87695050239563,Human,,22.04712
86,1,gpt-5.1,10/03/2026,3.31307315826416,Recognition,6086771,2.2175
86,1,gpt-5.1,10/03/2026,5.530678033828735,Prediction,6086771,3.35955
86,1,gpt-5.1,10/03/2026,8.904160499572754,Robot,6086771,8.26851
86,1,gpt-5.1,10/03/2026,17.172673225402832,Human,6086771,9.09169
86,1,gpt-5.1,10/03/2026,29.52223491668701,Recognition,6330459,3.92879
86,1,gpt-5.1,10/03/2026,33.4512140750885,Prediction,6330459,3.37088
86,1,gpt-5.1,10/03/2026,36.85053277015686,Robot,6330459,7.36999
86,1,gpt-5.1,10/03/2026,44.22052717208862,Human,6330459,13.41996
86,1,gpt-5.1,10/03/2026,60.91864371299744,Recognition,4610745,2.97676
86,1,gpt-5.1,10/03/2026,63.89560031890869,Prediction,4610745,2.36246
86,1,gpt-5.1,10/03/2026,66.28540372848511,Robot,4610745,7.94212
86,1,gpt-5.1,10/03/2026,74.22753167152405,Human,4610745,4.57875
86,1,gpt-5.1,10/03/2026,98.20747518539429,Recognition,6335178,3.95266
86,1,gpt-5.1,10/03/2026,102.1603193283081,Prediction,6335178,2.1984
86,1,gpt-5.1,10/03/2026,104.40117502212524,Robot,6335178,8.01609
86,1,gpt-5.1,10/03/2026,112.41727209091187,Human,6335178,8.37713
86,1,gpt-5.1,10/03/2026,124.05326390266418,Recognition,6335170,2.92839
86,1,gpt-5.1,10/03/2026,126.98183941841125,Prediction,6335170,2.76846
86,1,gpt-5.1,10/03/2026,129.8128046989441,Robot,6335170,8.45205
86,1,gpt-5.1,10/03/2026,138.26485991477966,Human,6335170,8.93217
86,1,gpt-5.1,10/03/2026,150.47750687599182,Recognition,4648231,2.58049
86,1,gpt-5.1,10/03/2026,153.05824327468872,Prediction,4648231,3.58898
86,1,gpt-5.1,10/03/2026,156.69588685035706,Robot,4648231,7.96754
86,1,gpt-5.1,10/03/2026,164.66342568397522,Human,4648231,11.47639
86,1,gpt-5.1,10/03/2026,179.39735770225525,Recognition,4648238,7.56576
86,1,gpt-5.1,10/03/2026,186.96331667900085,Prediction,4648238,2.03016
86,1,gpt-5.1,10/03/2026,189.04625391960144,Robot,4648238,7.67204
86,1,gpt-5.1,10/03/2026,196.71829557418823,Human,4648238,6.4205
86,1,gpt-5.1,10/03/2026,206.41733717918396,Recognition,6192849,3.97435
86,1,gpt-5.1,10/03/2026,210.39188313484192,Prediction,6192849,3.81731
86,1,gpt-5.1,10/03/2026,214.29552459716797,Robot,6192849,8.01364
86,1,gpt-5.1,10/03/2026,222.30916929244995,Human,6192849,5.64524
86,1,gpt-5.1,10/03/2026,250.1064829826355,Recognition,6086771,2.35378
86,1,gpt-5.1,10/03/2026,252.46044278144836,Prediction,6086771,2.38378
86,1,gpt-5.1,10/03/2026,254.8924286365509,Robot,6086771,8.83971
86,1,gpt-5.1,10/03/2026,263.7321455478668,Human,6086771,2.38936
86,1,gpt-5.1,10/03/2026,269.4239430427551,Recognition,6056475,2.25637
86,1,gpt-5.1,10/03/2026,271.6804943084717,Prediction,6056475,3.79053
86,1,gpt-5.1,10/03/2026,275.4930844306946,Robot,6056475,7.28633
86,1,gpt-5.1,10/03/2026,282.77941846847534,Human,6056475,4.51385
86,1,gpt-5.1,10/03/2026,290.5692129135132,Recognition,,2.2713
86,1,gpt-5.1,10/03/2026,296.1116225719452,Recognition,6286272,2.39329
86,1,gpt-5.1,10/03/2026,298.5110385417938,Prediction,6286272,2.28218
86,1,gpt-5.1,10/03/2026,300.8370909690857,Robot,6286272,7.34961
86,1,gpt-5.1,10/03/2026,308.1867015361786,Human,6286272,3.62938
86,1,gpt-5.1,10/03/2026,315.08934688568115,Recognition,6056492,9.33586
86,1,gpt-5.1,10/03/2026,324.4253659248352,Prediction,6056492,3.47268
86,1,gpt-5.1,10/03/2026,327.92956352233887,Robot,6056492,7.55971
86,1,gpt-5.1,10/03/2026,335.48927664756775,Human,6056492,4.01401
86,1,gpt-5.1,10/03/2026,342.7671663761139,Recognition,6330455,2.70788
86,1,gpt-5.1,10/03/2026,345.4753339290619,Prediction,6330455,2.68098
86,1,gpt-5.1,10/03/2026,348.2008156776428,Robot,6330455,7.84851
86,1,gpt-5.1,10/03/2026,356.0493323802948,Human,6330455,3.86908
86,1,gpt-5.1,10/03/2026,363.185587644577,Recognition,6330456,3.03658
86,1,gpt-5.1,10/03/2026,366.22244238853455,Prediction,6330456,2.59909
86,1,gpt-5.1,10/03/2026,368.85441541671753,Robot,6330456,7.19369
86,1,gpt-5.1,10/03/2026,376.0481083393097,Human,6330456,5.66154
86,1,gpt-5.1,10/03/2026,384.9687485694885,Recognition,6226661,2.98383
86,1,gpt-5.1,10/03/2026,387.9529595375061,Prediction,6226661,2.29278
86,1,gpt-5.1,10/03/2026,390.27707600593567,Robot,6226661,7.8105
86,1,gpt-5.1,10/03/2026,398.0875816345215,Human,6226661,3.99822
86,1,gpt-5.1,10/03/2026,415.2771108150482,Human,,23.27108